symbol,security,gics_sector,headquarters,date_added
MMM,3M,Industrials,"Saint Paul, Minnesota",1957-03-04
AOS,A. O. Smith,Industrials,"Milwaukee, Wisconsin",2017-07-26
ABT,Abbott Laboratories,Health Care,"North Chicago, Illinois",1957-03-04
ABBV,AbbVie,Health Care,"North Chicago, Illinois",2012-12-31
ACN,Accenture,Information Technology,"Dublin, Ireland",2011-07-06
ADBE,Adobe Inc.,Information Technology,"San Jose, California",1997-05-05
AMD,Advanced Micro Devices,Information Technology,"Santa Clara, California",2017-03-20
AES,AES Corporation,Utilities,"Arlington, Virginia",1998-10-02
AFL,Aflac,Financials,"Columbus, Georgia",1999-05-28
A,Agilent Technologies,Health Care,"Santa Clara, California",2000-06-05
APD,Air Products,Materials,"Upper Macungie Township, Pennsylvania",1985-04-30
ABNB,Airbnb,Consumer Discretionary,"San Francisco, California",2023-09-18
AKAM,Akamai Technologies,Information Technology,"Cambridge, Massachusetts",2007-07-12
ALB,Albemarle Corporation,Materials,"Charlotte, North Carolina",2016-07-01
ARE,Alexandria Real Estate Equities,Real Estate,"Pasadena, California",2017-03-20
ALGN,Align Technology,Health Care,"Tempe, Arizona",2017-06-19
ALLE,Allegion,Industrials,"Dublin, Ireland",2013-12-02
LNT,Alliant Energy,Utilities,"Madison, Wisconsin",2016-07-01
ALL,Allstate,Financials,"Northbrook, Illinois",1995-07-13
GOOGL,Alphabet Inc. (Class A),Communication Services,"Mountain View, California",2006-04-03
GOOG,Alphabet Inc. (Class C),Communication Services,"Mountain View, California",2014-04-03
MO,Altria,Consumer Staples,"Richmond, Virginia",1957-03-04
AMZN,Amazon,Consumer Discretionary,"Seattle, Washington",2005-11-18
AMCR,Amcor,Materials,"Warmley, Bristol, United Kingdom",2019-06-07
AEE,Ameren,Utilities,"St. Louis, Missouri",1991-09-19
AEP,American Electric Power,Utilities,"Columbus, Ohio",1957-03-04
AXP,American Express,Financials,"New York City, New York",1976-06-30
AIG,American International Group,Financials,"New York City, New York",1980-03-31
AMT,American Tower,Real Estate,"Boston, Massachusetts",2007-11-19
AWK,American Water Works,Utilities,"Camden, New Jersey",2016-03-04
AMP,Ameriprise Financial,Financials,"Minneapolis, Minnesota",2005-10-03
AME,Ametek,Industrials,"Berwyn, Pennsylvania",2013-09-23
AMGN,Amgen,Health Care,"Thousand Oaks, California",1992-01-02
APH,Amphenol,Information Technology,"Wallingford, Connecticut",2008-09-30
ADI,Analog Devices,Information Technology,"Wilmington, Massachusetts",1999-10-12
AON,Aon plc,Financials,"London, United Kingdom",1996-04-23
APA,APA Corporation,Energy,"Houston, Texas",1997-07-28
APO,Apollo Global Management,Financials,"New York City, New York",2024-12-23
AAPL,Apple Inc.,Information Technology,"Cupertino, California",1982-11-30
AMAT,Applied Materials,Information Technology,"Santa Clara, California",1995-03-16
APP,AppLovin,Communication Services,"Palo Alto, California",2025-09-22
APTV,Aptiv,Consumer Discretionary,"Schaffhausen, Switzerland",2012-12-24
ACGL,Arch Capital Group,Financials,"Hamilton, Bermuda",2022-11-01
ADM,Archer Daniels Midland,Consumer Staples,"Chicago, Illinois",1957-03-04
ARES,Ares Management,Financials,"Los Angeles, California",2025-12-11
ANET,Arista Networks,Information Technology,"Santa Clara, California",2018-08-28
AJG,Arthur J. Gallagher & Co.,Financials,"Rolling Meadows, Illinois",2016-05-31
AIZ,Assurant,Financials,"Atlanta, Georgia",2007-04-10
T,AT&T,Communication Services,"Dallas, Texas",1983-11-30
ATO,Atmos Energy,Utilities,"Dallas, Texas",2019-02-15
ADSK,Autodesk,Information Technology,"San Francisco, California",1989-12-01
ADP,Automatic Data Processing,Industrials,"Roseland, New Jersey",1981-03-31
AZO,AutoZone,Consumer Discretionary,"Memphis, Tennessee",1997-01-02
AVY,Avery Dennison,Materials,"Mentor, Ohio",1987-12-31
AXON,Axon Enterprise,Industrials,"Scottsdale, Arizona",2023-05-04
BKR,Baker Hughes,Energy,"Houston, Texas",2017-07-07
BALL,Ball Corporation,Materials,"Broomfield, Colorado",1984-10-31
BAC,Bank of America,Financials,"Charlotte, North Carolina",1976-06-30
BAX,Baxter International,Health Care,"Deerfield, Illinois",1972-09-30
BDX,Becton Dickinson,Health Care,"Franklin Lakes, New Jersey",1972-09-30
BRK.B,Berkshire Hathaway,Financials,"Omaha, Nebraska",2010-02-16
BBY,Best Buy,Consumer Discretionary,"Richfield, Minnesota",1999-06-29
TECH,Bio-Techne,Health Care,"Minneapolis, Minnesota",2021-08-30
BIIB,Biogen,Health Care,"Cambridge, Massachusetts",2003-11-13
BLK,BlackRock,Financials,"New York City, New York",2011-04-04
BX,Blackstone Inc.,Financials,"New York City, New York",2023-09-18
XYZ,Block Inc.,Financials,none,2025-07-23
BE,Bloom Energy,Industrials,"San Jose, California",2026-09-21
BNY,BNY Mellon,Financials,"New York City, New York",1995-03-31
BA,Boeing,Industrials,"Arlington, Virginia",1957-03-04
BKNG,Booking Holdings,Consumer Discretionary,"Norwalk, Connecticut",2009-11-06
BSX,Boston Scientific,Health Care,"Marlborough, Massachusetts",1995-02-24
BMY,Bristol Myers Squibb,Health Care,"New York City, New York",1957-03-04
AVGO,Broadcom,Information Technology,"Palo Alto, California",2014-05-08
BR,Broadridge Financial Solutions,Industrials,"Lake Success, New York",2018-06-18
BRO,Brown & Brown,Financials,"Daytona Beach, Florida",2021-09-20
BF.B,Brown–Forman,Consumer Staples,"Louisville, Kentucky",1982-10-31
BG,Bunge Global,Consumer Staples,"Chesterfield, Missouri",2023-03-15
BXP,BXP Inc.,Real Estate,"Boston, Massachusetts",2006-04-03
CHRW,C.H. Robinson,Industrials,"Eden Prairie, Minnesota",2007-03-02
CDNS,Cadence Design Systems,Information Technology,"San Jose, California",2017-09-18
CPT,Camden Property Trust,Real Estate,"Houston, Texas",2022-04-04
COF,Capital One,Financials,"Tysons Corner, Virginia",1998-07-01
CAH,Cardinal Health,Health Care,"Dublin, Ohio",1997-05-27
CCL,Carnival Corporation,Consumer Discretionary,"Miami, Florida",1998-12-22
CARR,Carrier Global,Industrials,"Palm Beach Gardens, Florida",2020-04-03
CVNA,Carvana,Consumer Discretionary,"Tempe, Arizona",2025-12-22
CASY,Casey's,Consumer Staples,"Ankeny, Iowa",2026-04-09
CAT,Caterpillar Inc.,Industrials,"Irving, Texas",1957-03-04
CBOE,Cboe Global Markets,Financials,"Chicago, Illinois",2017-03-01
CBRE,CBRE Group,Real Estate,"Dallas, Texas",2006-11-10
CDW,CDW Corporation,Information Technology,"Vernon Hills, Illinois",2019-09-23
COR,Cencora,Health Care,"Conshohocken, Pennsylvania",2001-08-30
CNC,Centene Corporation,Health Care,"St. Louis, Missouri",2016-03-30
CNP,CenterPoint Energy,Utilities,"Houston, Texas",1985-07-31
CF,CF Industries,Materials,"Deerfield, Illinois",2008-08-27
CRL,Charles River Laboratories,Health Care,"Wilmington, Massachusetts",2021-05-14
SCHW,Charles Schwab Corporation,Financials,"Westlake, Texas",1997-06-02
CHTR,Charter Communications,Communication Services,"Stamford, Connecticut",2016-09-08
CVX,Chevron Corporation,Energy,"Houston, Texas",1957-03-04
CMG,Chipotle Mexican Grill,Consumer Discretionary,"Newport Beach, California",2011-04-28
CB,Chubb Limited,Financials,"Zurich, Switzerland",2010-07-15
CHD,Church & Dwight,Consumer Staples,"Ewing, New Jersey",2015-12-29
CIEN,Ciena,Information Technology,"Hanover, Maryland",2026-02-09
CI,Cigna,Health Care,"Bloomfield, Connecticut",1976-06-30
CINF,Cincinnati Financial,Financials,"Fairfield, Ohio",1997-12-18
CTAS,Cintas,Industrials,"Mason, Ohio",2001-03-01
CSCO,Cisco,Information Technology,"San Jose, California",1993-12-01
C,Citigroup,Financials,"New York City, New York",1988-05-31
CFG,Citizens Financial Group,Financials,"Providence, Rhode Island",2016-01-29
CLX,Clorox,Consumer Staples,"Oakland, California",1969-03-31
CME,CME Group,Financials,"Chicago, Illinois",2006-08-11
CMS,CMS Energy,Utilities,"Jackson, Michigan",1957-03-04
KO,Coca-Cola Company (The),Consumer Staples,"Atlanta, Georgia",1957-03-04
CTSH,Cognizant,Information Technology,"Teaneck, New Jersey",2006-11-17
COHR,Coherent Corp.,Information Technology,"Saxonburg, Pennsylvania",2026-03-23
COIN,Coinbase,Financials,"New York City, New York",2025-05-19
CL,Colgate-Palmolive,Consumer Staples,"New York City, New York",1957-03-04
CMCSA,Comcast,Communication Services,"Philadelphia, Pennsylvania",2002-11-19
FIX,Comfort Systems USA,Industrials,"Houston, Texas",2025-12-22
COP,ConocoPhillips,Energy,"Houston, Texas",1957-03-04
ED,Consolidated Edison,Utilities,"New York City, New York",1957-03-04
STZ,Constellation Brands,Consumer Staples,"Rochester, New York",2005-07-01
CEG,Constellation Energy,Utilities,"Baltimore, Maryland",2022-02-02
COO,Cooper Companies (The),Health Care,"San Ramon, California",2016-09-23
CPRT,Copart,Industrials,"Dallas, Texas",2018-07-02
GLW,Corning Inc.,Information Technology,"Corning, New York",1995-02-27
CPAY,Corpay,Financials,"Atlanta, Georgia",2018-06-20
CTVA,Corteva,Materials,"Indianapolis, Indiana",2019-06-03
CSGP,CoStar Group,Real Estate,"Washington, D.C.",2022-09-19
COST,Costco,Consumer Staples,"Issaquah, Washington",1993-10-01
CRH,CRH plc,Materials,"Dublin, Ireland",2025-12-22
CRWD,CrowdStrike,Information Technology,"Austin, Texas",2024-06-24
CCI,Crown Castle,Real Estate,"Houston, Texas",2012-03-14
CSX,CSX Corporation,Industrials,"Jacksonville, Florida",1957-03-04
CMI,Cummins,Industrials,"Columbus, Indiana",1965-03-31
CVS,CVS Health,Health Care,"Woonsocket, Rhode Island",1957-03-04
DHI,D. R. Horton,Consumer Discretionary,"Arlington, Texas",2005-06-22
DHR,Danaher Corporation,Health Care,"Washington, D.C.",1998-11-18
DRI,Darden Restaurants,Consumer Discretionary,"Orlando, Florida",1995-05-31
DDOG,Datadog,Information Technology,"New York City, New York",2025-07-09
DVA,DaVita,Health Care,"Denver, Colorado",2008-07-31
DECK,Deckers Brands,Consumer Discretionary,"Goleta, California",2024-03-18
DE,Deere & Company,Industrials,"Moline, Illinois",1957-03-04
DELL,Dell Technologies,Information Technology,"Round Rock, Texas",2024-09-23
DAL,Delta Air Lines,Industrials,"Atlanta, Georgia",2013-09-11
DVN,Devon Energy,Energy,"Oklahoma City, Oklahoma",2000-08-30
DXCM,Dexcom,Health Care,"San Diego, California",2020-05-12
FANG,Diamondback Energy,Energy,"Midland, Texas",2018-12-03
DLR,Digital Realty,Real Estate,"Austin, Texas",2016-05-18
DG,Dollar General,Consumer Staples,"Goodlettsville, Tennessee",2012-12-03
DLTR,Dollar Tree,Consumer Staples,"Chesapeake, Virginia",2011-12-19
D,Dominion Energy,Utilities,"Richmond, Virginia",2016-11-30
DPZ,Domino's,Consumer Discretionary,"Ann Arbor, Michigan",2020-05-12
DASH,DoorDash,Consumer Discretionary,"San Francisco, California",2025-03-24
DOV,Dover Corporation,Industrials,"Downers Grove, Illinois",1985-10-31
DOW,Dow Inc.,Materials,"Midland, Michigan",2019-04-01
DTE,DTE Energy,Utilities,"Detroit, Michigan",1957-03-04
DUK,Duke Energy,Utilities,"Charlotte, North Carolina",1976-06-30
DD,DuPont,Industrials,"Wilmington, Delaware",2019-06-03
ETN,Eaton Corporation,Industrials,"Dublin, Ireland",1957-03-04
EBAY,eBay Inc.,Consumer Discretionary,"San Jose, California",2002-07-22
ECHO,EchoStar,Communication Services,"Englewood, Colorado",2026-03-23
ECL,Ecolab,Materials,"Saint Paul, Minnesota",1989-01-31
EIX,Edison International,Utilities,"Rosemead, California",1957-03-04
EW,Edwards Lifesciences,Health Care,"Irvine, California",2011-04-01
ELV,Elevance Health,Health Care,"Indianapolis, Indiana",2002-07-25
EME,Emcor,Industrials,"Norwalk, Connecticut",2025-09-22
EMR,Emerson Electric,Industrials,"Ferguson, Missouri",1965-03-31
ETR,Entergy,Utilities,"New Orleans, Louisiana",1957-03-04
EOG,EOG Resources,Energy,"Houston, Texas",2000-11-02
EQT,EQT Corporation,Energy,"Pittsburgh, Pennsylvania",2022-10-03
EFX,Equifax,Industrials,"Atlanta, Georgia",1997-06-19
EQIX,Equinix,Real Estate,"Redwood City, California",2015-03-20
ERIE,Erie Indemnity,Financials,"Erie, Pennsylvania",2024-09-23
ESS,Essex Property Trust,Real Estate,"San Mateo, California",2014-04-02
EL,Estée Lauder Companies (The),Consumer Staples,"New York City, New York",2006-01-05
EG,Everest Group,Financials,"Hamilton, Bermuda",2017-06-19
EVRG,Evergy,Utilities,"Kansas City, Missouri",2018-06-05
P,Everpure,Information Technology,"Santa Clara, California",2026-09-21
ES,Eversource Energy,Utilities,"Hartford, Connecticut",2009-07-24
EXC,Exelon,Utilities,"Chicago, Illinois",1957-03-04
EXE,Expand Energy,Energy,"Oklahoma City, Oklahoma",2025-03-24
EXPE,Expedia Group,Consumer Discretionary,"Seattle, Washington",2007-10-02
EXPD,Expeditors International,Industrials,"Seattle, Washington",2007-10-10
EXR,Extra Space Storage,Real Estate,"Salt Lake City, Utah",2016-01-19
XOM,ExxonMobil,Energy,"Irving, Texas",1957-03-04
FFIV,F5 Inc.,Information Technology,"Seattle, Washington",2010-12-20
FDS,FactSet,Financials,"Norwalk, Connecticut",2021-12-20
FICO,Fair Isaac,Information Technology,"Bozeman, Montana",2023-03-20
FAST,Fastenal,Industrials,"Winona, Minnesota",2008-09-15
FRT,Federal Realty Investment Trust,Real Estate,"Rockville, Maryland",2016-02-01
FDX,FedEx,Industrials,"Memphis, Tennessee",1980-12-31
FDXF,FedEx Freight,Industrials,"Memphis, Tennessee",2026-06-01
FERG,Ferguson Enterprises,Industrials,"Newport News, Virginia",2026-08-05
FIS,Fidelity National Information Services,Financials,"Jacksonville, Florida",2006-11-10
FITB,Fifth Third Bancorp,Financials,"Cincinnati, Ohio",1996-03-29
FSLR,First Solar,Information Technology,"Tempe, Arizona",2022-12-19
FE,FirstEnergy,Utilities,"Akron, Ohio",1997-11-28
FISV,Fiserv,Financials,"Brookfield, Wisconsin",2001-04-02
FLEX,Flex Ltd.,Information Technology,"Austin, Texas",2026-06-22
F,Ford Motor Company,Consumer Discretionary,"Dearborn, Michigan",1957-03-04
FTNT,Fortinet,Information Technology,"Sunnyvale, California",2018-10-11
FTV,Fortive,Industrials,"Everett, Washington",2016-07-01
FOXA,Fox Corporation (Class A),Communication Services,"New York City, New York",2019-03-19
FOX,Fox Corporation (Class B),Communication Services,"New York City, New York",2019-03-19
BEN,Franklin Resources,Financials,"San Mateo, California",1998-04-30
FCX,Freeport-McMoRan,Materials,"Phoenix, Arizona",2011-07-01
GRMN,Garmin,Consumer Discretionary,"Schaffhausen, Switzerland",2012-12-12
IT,Gartner,Information Technology,"Stamford, Connecticut",2017-04-05
GE,GE Aerospace,Industrials,"Evendale, Ohio",1957-03-04
GEHC,GE HealthCare,Health Care,"Chicago, Illinois",2023-01-04
GEV,GE Vernova,Industrials,"Cambridge, Massachusetts",2024-04-02
GEN,Gen Digital,Information Technology,"Tempe, Arizona",2003-03-25
GNRC,Generac,Industrials,"Waukesha, Wisconsin",2021-03-22
GD,General Dynamics,Industrials,"Reston, Virginia",1957-03-04
GIS,General Mills,Consumer Staples,"Golden Valley, Minnesota",1957-03-04
GM,General Motors,Consumer Discretionary,"Detroit, Michigan",2013-06-06
GPC,Genuine Parts Company,Consumer Discretionary,"Atlanta, Georgia",1973-12-31
GILD,Gilead Sciences,Health Care,"Foster City, California",2004-07-01
GPN,Global Payments,Financials,"Atlanta, Georgia",2016-04-25
GL,Globe Life,Financials,"McKinney, Texas",1989-04-30
GDDY,GoDaddy,Information Technology,"Tempe, Arizona",2024-06-24
GS,Goldman Sachs,Financials,"New York City, New York",2002-07-22
HAL,Halliburton,Energy,"Houston, Texas",1957-03-04
HIG,Hartford (The),Financials,"Hartford, Connecticut",1957-03-04
HAS,Hasbro,Consumer Discretionary,"Pawtucket, Rhode Island",1984-09-30
HCA,HCA Healthcare,Health Care,"Nashville, Tennessee",2015-01-27
DOC,Healthpeak Properties,Real Estate,"Denver, Colorado",2008-03-31
HSIC,Henry Schein,Health Care,"Melville, New York",2015-03-17
HSY,Hershey Company (The),Consumer Staples,"Hershey, Pennsylvania",1957-03-04
HPE,Hewlett Packard Enterprise,Information Technology,"Houston, Texas",2015-11-02
HLT,Hilton Worldwide,Consumer Discretionary,"Tysons Corner, Virginia",2017-06-19
HD,Home Depot (The),Consumer Discretionary,"Atlanta, Georgia",1988-03-31
HONA,Honeywell Aerospace,Industrials,"Phoenix, Arizona",2026-06-29
HON,Honeywell Technologies,Industrials,"Charlotte, North Carolina",1957-03-04
HRL,Hormel Foods,Consumer Staples,"Austin, Minnesota",2009-03-04
HST,Host Hotels & Resorts,Real Estate,"Bethesda, Maryland",2007-03-20
HWM,Howmet Aerospace,Industrials,"Pittsburgh, Pennsylvania",2016-10-21
HPQ,HP Inc.,Information Technology,"Palo Alto, California",1974-12-31
HUBB,Hubbell Incorporated,Industrials,"Shelton, Connecticut",2023-10-18
HUM,Humana,Health Care,"Louisville, Kentucky",2012-12-10
HBAN,Huntington Bancshares,Financials,"Columbus, Ohio; Detroit, Michigan",1997-08-28
HII,Huntington Ingalls Industries,Industrials,"Newport News, Virginia",2018-01-03
IBM,IBM,Information Technology,"Armonk, New York",1957-03-04
IEX,IDEX Corporation,Industrials,"Northbrook, Illinois",2019-08-09
IDXX,Idexx Laboratories,Health Care,"Westbrook, Maine",2017-01-05
ITW,Illinois Tool Works,Industrials,"Glenview, Illinois",1986-02-28
ILMN,Illumina,Health Care,"San Diego, California",2026-09-21
INCY,Incyte,Health Care,"Wilmington, Delaware",2017-02-28
IR,Ingersoll Rand,Industrials,"Davidson, North Carolina",2020-03-03
PODD,Insulet Corporation,Health Care,"Acton, Massachusetts",2023-03-15
INTC,Intel,Information Technology,"Santa Clara, California",1976-12-31
IBKR,Interactive Brokers,Financials,"Greenwich, Connecticut",2025-08-28
ICE,Intercontinental Exchange,Financials,"Atlanta, Georgia",2007-09-26
IFF,International Flavors & Fragrances,Materials,"New York City, New York",1976-03-31
IP,International Paper,Materials,"Memphis, Tennessee",1957-03-04
INTU,Intuit,Information Technology,"Mountain View, California",2000-12-05
ISRG,Intuitive Surgical,Health Care,"Sunnyvale, California",2008-06-02
IVZ,Invesco,Financials,"Atlanta, Georgia",2008-08-21
INVH,Invitation Homes,Real Estate,"Dallas, Texas",2022-09-19
IQV,IQVIA,Health Care,"Durham, North Carolina",2017-08-29
IRM,Iron Mountain,Real Estate,"Portsmouth, New Hampshire",2009-01-06
JBHT,J.B. Hunt,Industrials,"Lowell, Arkansas",2015-07-01
SJM,J.M. Smucker Company (The),Consumer Staples,"Orrville, Ohio",2008-11-06
JBL,Jabil,Information Technology,"St. Petersburg, Florida",2023-12-18
JKHY,Jack Henry & Associates,Financials,"Monett, Missouri",2018-11-13
J,Jacobs Solutions,Industrials,"Dallas, Texas",2007-10-26
JNJ,Johnson & Johnson,Health Care,"New Brunswick, New Jersey",1973-06-30
JCI,Johnson Controls,Industrials,"Cork, Ireland",2010-08-27
JPM,JPMorgan Chase,Financials,"New York City, New York",1975-06-30
KVUE,Kenvue,Consumer Staples,"Skillman, New Jersey",2023-08-25
KDP,Keurig Dr Pepper,Consumer Staples,"Burlington, Massachusetts",2022-06-21
KEY,KeyCorp,Financials,"Cleveland, Ohio",1994-03-01
KEYS,Keysight Technologies,Information Technology,"Santa Rosa, California",2018-11-06
KMB,Kimberly-Clark,Consumer Staples,"Irving, Texas",1957-03-04
KIM,Kimco Realty,Real Estate,"Jericho, New York",2006-04-04
KMI,Kinder Morgan,Energy,"Houston, Texas",2012-05-25
KKR,KKR & Co.,Financials,"New York City, New York",2024-06-24
KLAC,KLA Corporation,Information Technology,"Milpitas, California",1997-09-30
KHC,Kraft Heinz,Consumer Staples,"Chicago, Illinois; Pittsburgh, Pennsylvania",2015-07-06
KR,Kroger,Consumer Staples,"Cincinnati, Ohio",1957-03-04
LHX,L3Harris,Industrials,"Melbourne, Florida",2008-09-22
LH,Labcorp,Health Care,"Burlington, North Carolina",2004-11-01
LRCX,Lam Research,Information Technology,"Fremont, California",2012-06-29
LVS,Las Vegas Sands,Consumer Discretionary,"Las Vegas, Nevada",2019-10-03
LDOS,Leidos,Industrials,"Reston, Virginia",2019-08-09
LEN,Lennar,Consumer Discretionary,"Miami, Florida",2005-10-04
LII,Lennox International,Industrials,"Richardson, Texas",2024-12-23
LLY,Lilly (Eli),Health Care,"Indianapolis, Indiana",1970-12-31
LIN,Linde plc,Materials,"Guildford, United Kingdom",1992-07-01
LYV,Live Nation Entertainment,Communication Services,"Beverly Hills, California",2019-12-23
LMT,Lockheed Martin,Industrials,"Bethesda, Maryland",1957-03-04
L,Loews Corporation,Financials,"New York City, New York",1995-05-31
LOW,Lowe's,Consumer Discretionary,"Mooresville, North Carolina",1984-02-29
LULU,Lululemon Athletica,Consumer Discretionary,"Vancouver, Canada",2023-10-18
LITE,Lumentum,Information Technology,"San Jose, California",2026-03-23
LYB,LyondellBasell,Materials,"Rotterdam, Netherlands",2012-09-05
MTB,M&T Bank,Financials,"Buffalo, New York",2004-02-23
MPC,Marathon Petroleum,Energy,"Findlay, Ohio",2011-07-01
MAR,Marriott International,Consumer Discretionary,"Bethesda, Maryland",1998-05-29
MRSH,Marsh McLennan,Financials,"New York City, New York",1987-08-31
MLM,Martin Marietta Materials,Materials,"Raleigh, North Carolina",2014-07-02
MRVL,Marvell Technology,Information Technology,"Santa Clara, California",2026-06-22
MAS,Masco,Industrials,"Livonia, Michigan",1981-06-30
MA,Mastercard,Financials,"Harrison, New York",2008-07-18
MKC,McCormick & Company,Consumer Staples,"Hunt Valley, Maryland",2003-03-20
MCD,McDonald's,Consumer Discretionary,"Chicago, Illinois",1970-06-30
MCK,McKesson Corporation,Health Care,"Irving, Texas",1999-01-13
MDT,Medtronic,Health Care,"Galway, Ireland",1986-10-31
MRK,Merck & Co.,Health Care,"Kenilworth, New Jersey",1957-03-04
META,Meta Platforms,Communication Services,"Menlo Park, California",2013-12-23
MET,MetLife,Financials,"New York City, New York",2000-12-11
MTD,Mettler Toledo,Health Care,"Columbus, Ohio",2016-09-06
MGM,MGM Resorts,Consumer Discretionary,"Paradise, Nevada",2017-07-26
MCHP,Microchip Technology,Information Technology,"Chandler, Arizona",2007-09-07
MU,Micron Technology,Information Technology,"Boise, Idaho",1994-09-27
MSFT,Microsoft,Information Technology,"Redmond, Washington",1994-06-01
MAA,Mid-America Apartment Communities,Real Estate,"Memphis, Tennessee",2016-12-02
MRNA,Moderna,Health Care,"Cambridge, Massachusetts",2021-07-21
MDLZ,Mondelez International,Consumer Staples,"Chicago, Illinois",2012-10-02
MPWR,Monolithic Power Systems,Information Technology,"Kirkland, Washington",2021-02-12
MNST,Monster Beverage,Consumer Staples,"Corona, California",2012-06-28
MCO,Moody's Corporation,Financials,"New York City, New York",1998-07-01
MS,Morgan Stanley,Financials,"New York City, New York",1993-07-29
MOS,Mosaic Company (The),Materials,"Tampa, Florida",2011-09-26
MSI,Motorola Solutions,Information Technology,"Chicago, Illinois",1957-03-04
MSCI,MSCI,Financials,"New York City, New York",2018-04-04
NDAQ,"Nasdaq, Inc.",Financials,"New York City, New York",2008-10-22
NTAP,NetApp,Information Technology,"San Jose, California",1999-06-25
NFLX,Netflix,Communication Services,"Los Gatos, California",2010-12-20
NEM,Newmont,Materials,"Denver, Colorado",1969-06-30
NWSA,News Corp (Class A),Communication Services,"New York City, New York",2013-08-01
NWS,News Corp (Class B),Communication Services,"New York City, New York",2015-09-18
NEE,NextEra Energy,Utilities,"Juno Beach, Florida",1976-06-30
NKE,"Nike, Inc.",Consumer Discretionary,"Washington County, Oregon",1988-11-30
NI,NiSource,Utilities,"Merrillville, Indiana",2000-11-02
NDSN,Nordson Corporation,Industrials,"Westlake, Ohio",2022-02-15
NSC,Norfolk Southern,Industrials,"Atlanta, Georgia",1957-03-04
NTRS,Northern Trust,Financials,"Chicago, Illinois",1998-01-30
NOC,Northrop Grumman,Industrials,"West Falls Church, Virginia",1957-03-04
NCLH,Norwegian Cruise Line Holdings,Consumer Discretionary,"Miami-Dade County, Florida",2017-10-13
NRG,NRG Energy,Utilities,"Houston, Texas",2010-01-29
NUE,Nucor,Materials,"Charlotte, North Carolina",1985-04-30
NVDA,Nvidia,Information Technology,"Santa Clara, California",2001-11-30
NVR,"NVR, Inc.",Consumer Discretionary,"Reston, Virginia",2019-09-26
NXPI,NXP Semiconductors,Information Technology,"Eindhoven, Netherlands",2021-03-22
ORLY,O'Reilly Automotive,Consumer Discretionary,"Springfield, Missouri",2009-03-27
OXY,Occidental Petroleum,Energy,"Houston, Texas",1957-03-04
ODFL,Old Dominion,Industrials,"Thomasville, North Carolina",2019-12-09
OMC,Omnicom Group,Communication Services,"New York City, New York",1997-12-31
ON,ON Semiconductor,Information Technology,"Phoenix, Arizona",2022-06-21
OKE,Oneok,Energy,"Tulsa, Oklahoma",2010-03-15
ORCL,Oracle Corporation,Information Technology,"Austin, Texas",1989-08-31
OTIS,Otis Worldwide,Industrials,"Farmington, Connecticut",2020-04-03
PCAR,Paccar,Industrials,"Bellevue, Washington",1980-12-31
PKG,Packaging Corporation of America,Materials,"Lake Forest, Illinois",2017-07-26
PLTR,Palantir Technologies,Information Technology,"Aventura, Florida",2024-09-23
PANW,Palo Alto Networks,Information Technology,"Santa Clara, California",2023-06-20
PSKY,Paramount Skydance Corporation,Communication Services,"Los Angeles, California",1994-09-30
PH,Parker Hannifin,Industrials,"Cleveland, Ohio",1985-11-30
PAYX,Paychex,Industrials,"Penfield, New York",1998-10-01
PYPL,PayPal,Financials,"San Jose, California",2015-07-20
PNR,Pentair,Industrials,"Worsley, United Kingdom",2012-10-01
PEP,PepsiCo,Consumer Staples,"Purchase, New York",1957-03-04
PFE,Pfizer,Health Care,"New York City, New York",1957-03-04
PCG,PG&E Corporation,Utilities,"Oakland, California",2022-10-03
PM,Philip Morris International,Consumer Staples,"New York City, New York",2008-03-31
PSX,Phillips 66,Energy,"Houston, Texas",2012-05-01
PNW,Pinnacle West Capital,Utilities,"Phoenix, Arizona",1999-10-04
PNC,PNC Financial Services,Financials,"Pittsburgh, Pennsylvania",1988-04-30
PPG,PPG Industries,Materials,"Pittsburgh, Pennsylvania",1957-03-04
PPL,PPL Corporation,Utilities,"Allentown, Pennsylvania",2001-10-01
PFG,Principal Financial Group,Financials,"Des Moines, Iowa",2002-07-22
PG,Procter & Gamble,Consumer Staples,"Cincinnati, Ohio",1957-03-04
PGR,Progressive Corporation,Financials,"Mayfield Village, Ohio",1997-08-04
PLD,Prologis,Real Estate,"San Francisco, California",2003-07-17
PRU,Prudential Financial,Financials,"Newark, New Jersey",2002-07-22
PTC,PTC Inc.,Information Technology,"Boston, Massachusetts",2021-04-20
PEG,Public Service Enterprise Group,Utilities,"Newark, New Jersey",1957-03-04
PSA,Public Storage,Real Estate,"Glendale, California",2005-08-19
PHM,PulteGroup,Consumer Discretionary,"Atlanta, Georgia",1984-04-30
Q,Qnity Electronics,Information Technology,"Wilmington, Delaware",2025-11-03
QCOM,Qualcomm,Information Technology,"San Diego, California",1999-07-22
PWR,Quanta Services,Industrials,"Houston, Texas",2009-07-01
DGX,Quest Diagnostics,Health Care,"Secaucus, New Jersey",2002-12-12
RL,Ralph Lauren Corporation,Consumer Discretionary,"New York City, New York",2007-02-02
RJF,Raymond James Financial,Financials,"St. Petersburg, Florida",2017-03-20
O,Realty Income,Real Estate,"San Diego, California",2015-04-07
RDDT,Reddit,Communication Services,"San Francisco, California",2026-08-18
REG,Regency Centers,Real Estate,"Jacksonville, Florida",2017-03-02
REGN,Regeneron Pharmaceuticals,Health Care,"Tarrytown, New York",2013-05-01
RF,Regions Financial Corporation,Financials,"Birmingham, Alabama",1998-08-28
RSG,Republic Services,Industrials,"Phoenix, Arizona",2008-12-05
RMD,ResMed,Health Care,"San Diego, California",2017-07-26
RVTY,Revvity,Health Care,"Waltham, Massachusetts",1985-05-31
HOOD,Robinhood Markets,Financials,"Menlo Park, California",2025-09-22
ROK,Rockwell Automation,Industrials,"Milwaukee, Wisconsin",2000-03-12
ROL,"Rollins, Inc.",Industrials,"Atlanta, Georgia",2018-10-01
ROP,Roper Technologies,Information Technology,"Sarasota, Florida",2009-12-23
ROST,Ross Stores,Consumer Discretionary,"Dublin, California",2009-12-21
RCL,Royal Caribbean Group,Consumer Discretionary,"Miami, Florida",2014-12-05
RTX,RTX Corporation,Industrials,"Waltham, Massachusetts",1957-03-04
SPGI,S&P Global,Financials,"New York City, New York",1957-03-04
CRM,Salesforce,Information Technology,"San Francisco, California",2008-09-15
SNDK,Sandisk,Information Technology,"Milpitas, California",2025-11-28
SBAC,SBA Communications,Real Estate,"Boca Raton, Florida",2017-09-01
SLB,Schlumberger,Energy,"Houston, Texas",1957-03-04
STX,Seagate Technology,Information Technology,"Dublin, Ireland",2012-07-02
SRE,Sempra,Utilities,"San Diego, California",2017-03-17
NOW,ServiceNow,Information Technology,"Santa Clara, California",2019-11-21
SHW,Sherwin-Williams,Materials,"Cleveland, Ohio",1964-06-30
SPG,Simon Property Group,Real Estate,"Indianapolis, Indiana",2002-06-26
SWKS,Skyworks Solutions,Information Technology,"Irvine, California",2015-03-12
SW,Smurfit Westrock,Materials,"Dublin, Ireland",2024-07-08
SNA,Snap-on,Industrials,"Kenosha, Wisconsin",1982-09-30
SOLV,Solventum,Health Care,"Saint Paul, Minnesota",2024-04-01
SO,Southern Company,Utilities,"Atlanta, Georgia",1957-03-04
LUV,Southwest Airlines,Industrials,"Dallas, Texas",1994-07-01
SWK,Stanley Black & Decker,Industrials,"New Britain, Connecticut",1982-09-30
SBUX,Starbucks,Consumer Discretionary,"Seattle, Washington",2000-06-07
STT,State Street Corporation,Financials,"Boston, Massachusetts",2003-03-14
STLD,Steel Dynamics,Materials,"Fort Wayne, Indiana",2022-12-22
STE,Steris,Health Care,"Dublin, Ireland",2019-12-23
SYK,Stryker Corporation,Health Care,"Kalamazoo, Michigan",2000-12-12
SMCI,Supermicro,Information Technology,"San Jose, California",2024-03-18
SYF,Synchrony Financial,Financials,"Stamford, Connecticut",2015-11-18
SNPS,Synopsys,Information Technology,"Sunnyvale, California",2017-03-16
SYY,Sysco,Consumer Staples,"Houston, Texas",1986-12-31
TMUS,T-Mobile US,Communication Services,"Bellevue, Washington",2019-07-15
TROW,T. Rowe Price,Financials,"Baltimore, Maryland",2019-07-29
TTWO,Take-Two Interactive,Communication Services,"New York City, New York",2018-03-19
TPR,"Tapestry, Inc.",Consumer Discretionary,"New York City, New York",2004-09-01
TRGP,Targa Resources,Energy,"Houston, Texas",2022-10-12
TGT,Target Corporation,Consumer Staples,"Minneapolis, Minnesota",1976-12-31
TEL,TE Connectivity,Information Technology,"Galway, Ireland",2011-10-17
TDY,Teledyne Technologies,Information Technology,"Thousand Oaks, California",2020-06-22
TER,Teradyne,Information Technology,"North Reading, Massachusetts",2020-09-21
TSLA,"Tesla, Inc.",Consumer Discretionary,"Austin, Texas",2020-12-21
TXN,Texas Instruments,Information Technology,"Dallas, Texas",2001-03-12
TPL,Texas Pacific Land Corporation,Energy,"Dallas, Texas",2024-11-26
TXT,Textron,Industrials,"Providence, Rhode Island",1978-12-31
TMO,Thermo Fisher Scientific,Health Care,"Waltham, Massachusetts",2004-08-03
TJX,TJX Companies,Consumer Discretionary,"Framingham, Massachusetts",1985-09-30
TKO,TKO Group Holdings,Communication Services,"New York City, New York",2025-03-24
TSCO,Tractor Supply,Consumer Discretionary,"Brentwood, Tennessee",2014-01-24
TT,Trane Technologies,Industrials,"Dublin, Ireland",2010-11-17
TDG,TransDigm Group,Industrials,"Cleveland, Ohio",2016-06-03
TRV,Travelers Companies (The),Financials,"New York City, New York",2002-08-21
TRMB,Trimble Inc.,Information Technology,"Westminster, Colorado",2021-01-21
TFC,Truist Financial,Financials,"Charlotte, North Carolina",1997-12-04
TYL,Tyler Technologies,Information Technology,"Plano, Texas",2020-06-22
TSN,Tyson Foods,Consumer Staples,"Springdale, Arkansas",2005-08-10
USB,U.S. Bancorp,Financials,"Minneapolis, Minnesota",1999-11-01
UBER,Uber,Industrials,"San Francisco, California",2023-12-18
UDR,"UDR, Inc.",Real Estate,"Highlands Ranch, Colorado",2016-03-07
ULTA,Ulta Beauty,Consumer Discretionary,"Bolingbrook, Illinois",2016-04-18
UNP,Union Pacific Corporation,Industrials,"Omaha, Nebraska",1957-03-04
UAL,United Airlines Holdings,Industrials,"Chicago, Illinois",2015-09-03
UPS,United Parcel Service,Industrials,"Sandy Springs, Georgia",2002-07-22
URI,United Rentals,Industrials,"Stamford, Connecticut",2014-09-20
UNH,UnitedHealth Group,Health Care,"Eden Prairie, Minnesota",1994-07-01
UHS,Universal Health Services,Health Care,"King of Prussia, Pennsylvania",2014-09-20
VLO,Valero Energy,Energy,"San Antonio, Texas",2002-12-20
VEEV,Veeva Systems,Health Care,"Pleasanton, California",2026-05-07
VTR,Ventas,Real Estate,"Chicago, Illinois",2009-03-04
VLTO,Veralto,Industrials,"Waltham, Massachusetts",2023-10-02
VRSN,Verisign,Information Technology,"Reston, Virginia",2006-02-01
VRSK,Verisk Analytics,Industrials,"Jersey City, New Jersey",2015-10-08
VZ,Verizon,Communication Services,"New York City, New York",1983-11-30
VRTX,Vertex Pharmaceuticals,Health Care,"Boston, Massachusetts",2013-09-23
VRT,Vertiv,Industrials,"Westerville, Ohio",2026-03-23
VTRS,Viatris,Health Care,"Pittsburgh, Pennsylvania",2004-04-23
VICI,Vici Properties,Real Estate,"New York City, New York",2022-06-08
V,Visa Inc.,Financials,"San Francisco, California",2009-12-21
VST,Vistra Corp.,Utilities,"Irving, Texas",2024-05-08
VMRK,Vivmark Residential,Real Estate,"Chicago, Illinois",2001-12-03
VMC,Vulcan Materials Company,Materials,"Birmingham, Alabama",1999-06-30
WRB,W. R. Berkley Corporation,Financials,"Greenwich, Connecticut",2019-12-05
GWW,W. W. Grainger,Industrials,"Lake Forest, Illinois",1981-06-30
WAB,Wabtec,Industrials,"Pittsburgh, Pennsylvania",2019-02-27
WMT,Walmart,Consumer Staples,"Bentonville, Arkansas",1982-08-31
DIS,Walt Disney Company (The),Communication Services,"Burbank, California",1976-06-30
WBD,Warner Bros. Discovery,Communication Services,"New York City, New York",2022-04-11
WM,Waste Management,Industrials,"Houston, Texas",1998-08-31
WAT,Waters Corporation,Health Care,"Milford, Massachusetts",2002-01-02
WEC,WEC Energy Group,Utilities,"Milwaukee, Wisconsin",2008-10-31
WFC,Wells Fargo,Financials,"San Francisco, California",1976-06-30
WELL,Welltower,Real Estate,"Toledo, Ohio",2009-01-30
WST,West Pharmaceutical Services,Health Care,"Exton, Pennsylvania",2020-05-22
WDC,Western Digital,Information Technology,"San Jose, California",2009-07-01
WY,Weyerhaeuser,Real Estate,"Seattle, Washington",1979-10-01
WMB,Williams Companies,Energy,"Tulsa, Oklahoma",1975-03-31
WSM,"Williams-Sonoma, Inc.",Consumer Discretionary,"San Francisco, California",2025-03-24
WTW,Willis Towers Watson,Financials,"London, United Kingdom",2016-01-05
WDAY,"Workday, Inc.",Information Technology,"Pleasanton, California",2024-12-23
WYNN,Wynn Resorts,Consumer Discretionary,"Paradise, Nevada",2008-11-14
XEL,Xcel Energy,Utilities,"Minneapolis, Minnesota",1957-03-04
XYL,Xylem Inc.,Industrials,"White Plains, New York",2011-11-01
YUM,Yum! Brands,Consumer Discretionary,"Louisville, Kentucky",1997-10-06
ZBRA,Zebra Technologies,Information Technology,"Lincolnshire, Illinois",2019-12-23
ZBH,Zimmer Biomet,Health Care,"Warsaw, Indiana",2001-08-07
ZTS,Zoetis,Health Care,"Parsippany, New Jersey",2013-06-21
